Nome,Tipo_Documento,Documento,Hotel
Maria Pereira,RG,69.501.149-2,Hotel Jardins Palace
Lucas Almeida,RG,85.554.418-8,Hotel Encanto Palace
Rafael Souza,CPF,735.694.188-52,Hotel Mar Palace
Pedro Pereira,CPF,643.875.977-57,Hotel Horizonte Palace
Lucas Lima,RNE,RNE73314837,Hotel Estrela Palace
Rafael Oliveira,RG,40.631.187-6,Hotel Jardins Palace
Camila Lima,RG,89.865.544-6,Hotel Paraíso Palace
Juliana Almeida,CPF,988.863.402-98,Hotel Jardins Palace
Maria Souza,CPF,687.527.545-35,Hotel Imperial Palace
João Pereira,RG,97.471.608-3,Hotel Estrela Palace
Camila Almeida,CPF,316.847.796-38,Hotel Jardins Palace
Pedro Rodrigues,CPF,968.226.209-86,Hotel Estrela Palace
Fernanda Nascimento,RNE,RNE87290852,Hotel Mar Palace
Camila Gomes,CPF,956.309.206-97,Hotel Serra Palace
Maria Silva,RNE,RNE27234957,Hotel Paraíso Palace
Fernanda Almeida,RG,65.580.288-5,Hotel Sol Palace
Juliana Silva,RG,48.930.522-5,Hotel Sol Palace
Carlos Almeida,RNE,RNE62018446,Hotel Paraíso Palace
Pedro Nascimento,CPF,670.184.971-35,Hotel Serra Palace
Fernanda Souza,CPF,318.151.574-57,Hotel Estrela Palace
Maria Silva,RG,54.524.901-6,Hotel Estrela Palace
Pedro Lima,RG,59.540.948-9,Hotel Imperial Palace
Maria Souza,RG,66.779.542-9,Hotel Jardins Palace
Juliana Nascimento,RNE,RNE37944966,Hotel Sol Palace
Maria Souza,RNE,RNE22682810,Hotel Sol Palace
Fernanda Lima,RNE,RNE89792375,Hotel Mar Palace
Lucas Costa,RG,58.967.752-3,Hotel Lago Palace
Pedro Lima,CPF,470.649.843-41,Hotel Encanto Palace
Ana Silva,RG,85.968.187-5,Hotel Estrela Palace
Fernanda Lima,RG,50.479.710-4,Hotel Jardins Palace
Lucas Almeida,RG,51.237.979-4,Hotel Imperial Palace
Ana Rodrigues,RNE,RNE87474191,Hotel Mar Palace
Carlos Silva,RNE,RNE91132544,Hotel Serra Palace
Lucas Costa,RG,24.209.730-5,Hotel Estrela Palace
Pedro Oliveira,RNE,RNE84646422,Hotel Paraíso Palace
Maria Souza,CPF,109.713.596-81,Hotel Serra Palace
Lucas Gomes,RNE,RNE84146855,Hotel Imperial Palace
Juliana Gomes,RNE,RNE99013040,Hotel Jardins Palace
Juliana Gomes,CPF,216.684.824-65,Hotel Serra Palace
Lucas Nascimento,CPF,776.279.953-52,Hotel Mar Palace
Fernanda Lima,RG,19.897.393-3,Hotel Lago Palace
Fernanda Almeida,RG,10.861.383-5,Hotel Estrela Palace
Ana Gomes,CPF,310.905.275-19,Hotel Serra Palace
Lucas Rodrigues,RG,67.704.343-9,Hotel Horizonte Palace
João Lima,RG,33.695.476-4,Hotel Jardins Palace
Pedro Gomes,RNE,RNE93488600,Hotel Sol Palace
Fernanda Almeida,RNE,RNE95908326,Hotel Mar Palace
Camila Nascimento,RG,17.265.747-7,Hotel Encanto Palace
Fernanda Nascimento,RNE,RNE48176698,Hotel Mar Palace
Fernanda Rodrigues,RG,42.212.492-2,Hotel Sol Palace
Camila Costa,RG,86.387.376-0,Hotel Horizonte Palace
Camila Silva,CPF,328.907.315-17,Hotel Mar Palace
Carlos Rodrigues,CPF,573.812.518-65,Hotel Estrela Palace
Ana Pereira,RNE,RNE98046739,Hotel Jardins Palace
Carlos Rodrigues,CPF,327.111.696-34,Hotel Jardins Palace
Juliana Almeida,CPF,362.673.246-39,Hotel Serra Palace
Fernanda Lima,RG,42.341.800-6,Hotel Serra Palace
Camila Oliveira,RNE,RNE16383198,Hotel Estrela Palace
Carlos Gomes,RNE,RNE46322578,Hotel Estrela Palace
Ana Gomes,RNE,RNE28284359,Hotel Paraíso Palace
Pedro Pereira,CPF,276.456.939-77,Hotel Paraíso Palace
Pedro Silva,CPF,929.556.881-81,Hotel Paraíso Palace
Pedro Gomes,CPF,293.463.843-64,Hotel Mar Palace
Ana Pereira,CPF,466.148.175-57,Hotel Paraíso Palace
Ana Souza,RNE,RNE61021023,Hotel Lago Palace
Juliana Souza,CPF,893.634.927-57,Hotel Estrela Palace
Fernanda Lima,CPF,963.973.674-93,Hotel Sol Palace
Fernanda Almeida,RNE,RNE54611099,Hotel Encanto Palace
Lucas Rodrigues,RNE,RNE54872411,Hotel Serra Palace
Lucas Pereira,RNE,RNE15255901,Hotel Paraíso Palace
Rafael Costa,RG,67.841.295-6,Hotel Estrela Palace
Lucas Gomes,RG,56.454.272-5,Hotel Imperial Palace
Carlos Nascimento,RNE,RNE69249186,Hotel Lago Palace
Camila Gomes,CPF,837.663.296-69,Hotel Jardins Palace
Pedro Oliveira,CPF,773.599.340-49,Hotel Horizonte Palace
Juliana Almeida,RG,23.811.953-9,Hotel Serra Palace
Pedro Silva,CPF,358.954.386-23,Hotel Horizonte Palace
Fernanda Nascimento,CPF,987.836.751-92,Hotel Horizonte Palace
Juliana Pereira,RG,95.721.572-7,Hotel Encanto Palace
Lucas Costa,RG,37.201.423-6,Hotel Estrela Palace
João Pereira,RG,47.129.491-1,Hotel Encanto Palace
Camila Souza,RG,27.174.389-1,Hotel Lago Palace
Carlos Rodrigues,CPF,670.788.459-57,Hotel Serra Palace
Carlos Silva,CPF,260.807.578-15,Hotel Encanto Palace
Lucas Rodrigues,RG,85.617.111-3,Hotel Paraíso Palace
Lucas Lima,RG,12.655.795-7,Hotel Imperial Palace
Rafael Nascimento,RNE,RNE89714705,Hotel Horizonte Palace
Juliana Souza,RNE,RNE19409605,Hotel Imperial Palace
Ana Silva,CPF,730.292.887-69,Hotel Estrela Palace
Juliana Nascimento,RG,59.724.941-6,Hotel Serra Palace
Ana Souza,RNE,RNE72720635,Hotel Estrela Palace
João Gomes,CPF,854.313.360-58,Hotel Sol Palace
Juliana Nascimento,RG,56.896.529-9,Hotel Imperial Palace
Juliana Lima,RG,91.434.273-4,Hotel Jardins Palace
Rafael Gomes,CPF,283.598.284-25,Hotel Mar Palace
João Souza,CPF,576.205.707-45,Hotel Jardins Palace
Camila Rodrigues,CPF,677.743.804-40,Hotel Sol Palace
Rafael Silva,CPF,734.618.736-33,Hotel Encanto Palace
Maria Almeida,RG,51.473.676-5,Hotel Imperial Palace
Pedro Silva,RNE,RNE93487230,Hotel Estrela Palace
